{"timestamps": [1556185746.546953], "initial_reset_timestamp": 1556185733.724398, "episode_types": ["t"], "episode_lengths": [282], "episode_rewards": [282.0]}