{"timestamps": [1556185847.248097, 1556185908.503954, 1556185912.096306, 1556185916.926735, 1556185920.208859, 1556185937.79798, 1556185949.836113, 1556185956.304862, 1556186028.078718, 1556186031.944568], "initial_reset_timestamp": 1556185834.187903, "episode_types": ["t", "t", "t", "t", "t", "t", "t", "t", "t", "t", "t"], "episode_lengths": [255, 1358, 344, 404, 430, 1842, 1399, 670, 1587, 480], "episode_rewards": [255.0, 1358.0, 344.0, 404.0, 430.0, 1842.0, 1399.0, 670.0, 1587.0, 480.0]}